COACH_NAME,NOC,DISCIPLINE,EVENT
Abdelmagid Wael,EGYPT,Football,No event listed
Abe Junya,JAPAN,Volleyball,No event listed
Abe Katsuhiko,JAPAN,Basketball,No event listed
Adama Cherif,CÔTE D'IVOIRE,Football,No event listed
Ageba Yuya,JAPAN,Volleyball,No event listed
Aller Carballo Manuel Angel,SPAIN,Basketball,No event listed
Aly Kamal,EGYPT,Football,No event listed
Amaya Gaitan Fabian,PUERTO RICO,Basketball,No event listed
Amo Aguado Pablo,SPAIN,Football,No event listed
Baciu Horatiu,ROMANIA,Football,No event listed
Banbula Wojciech,POLAND,Volleyball,No event listed
Bao Zhuang,PEOPLE'S REPUBLIC OF CHINA,Volleyball,No event listed
Baryla Pawel,ROC,Volleyball,No event listed
Bencic Filip,SERBIA,Basketball,No event listed
Bolton Alice,NIGERIA,Basketball,No event listed
Breivik Marit,NORWAY,Handball,No event listed
Brun Aristide,AUSTRIA,Artistic Swimming,No event listed
Burlando Giovanna,ITALY,Artistic Swimming,No event listed
Busenkell Axel,GERMANY,Football,No event listed
Castro Alex,CHILE,Football,No event listed
Chambers Cheryl,AUSTRALIA,Basketball,No event listed
Chiari Simona,SAN MARINO,Artistic Swimming,No event listed
Commens Adam,BELGIUM,Hockey,No event listed
Crespi Jaume Margalida,COLOMBIA,Artistic Swimming,No event listed
Daza Fabian,CHILE,Football,No event listed
De Vos Robbert-Jan,NETHERLANDS,Hockey,No event listed
Delaney Mike,NEW ZEALAND,Hockey,No event listed
Diaz Fernandez Jenaro Manuel,SPAIN,Basketball,No event listed
Diaz Henriquez Nestor,DOMINICAN REPUBLIC,Basketball,No event listed
Didenko Natalia,SPAIN,Artistic Swimming,No event listed
Dore Karine,CANADA,Artistic Swimming,No event listed
Drobnjak Dragisa,SLOVENIA,Basketball,No event listed
Duro Fernando,VENEZUELA,Basketball,No event listed
Dykstra Trisha,AUSTRALIA,Basketball,No event listed
Echezuria Manuel,VENEZUELA,Basketball,No event listed
Eitoku Atsushi,JAPAN,Artistic Swimming,No event listed
Engelland Chip,UNITED STATES OF AMERICA,Basketball,No event listed
Enquist Susan,UNITED STATES OF AMERICA,Volleyball,No event listed
Fahmy Latif Yasmine,EGYPT,Artistic Swimming,No event listed
Favarel Pablo,VENEZUELA,Basketball,No event listed
Fediushyna Tetiana,UKRAINE,Artistic Swimming,No event listed
Foirest Laurent,FRANCE,Basketball,No event listed
Fuerbringer Matthew,UNITED STATES OF AMERICA,Volleyball,No event listed
Garcia Nestor,DOMINICAN REPUBLIC,Basketball,No event listed
Gonzalez Anibal,MEXICO,Football,No event listed
Gonzalez Jareno Angel,SPAIN,Basketball,No event listed
Gordo Mansilla Juan David,SPAIN,Football,No event listed
Grainger Adam,IRELAND,Hockey,No event listed
Graupera Cristina,GREECE,Artistic Swimming,No event listed
Graziosi Gianluca,ITALY,Volleyball,No event listed
Greskowiak Arne,GERMANY,Basketball,No event listed
Guerrero Lopez Julen,SPAIN,Football,No event listed
Guillen Ronald,VENEZUELA,Basketball,No event listed
Hald Simon,DENMARK,Handball,No event listed
Halkett Rhett,NETHERLANDS,Hockey,No event listed
Ham Darvin De,NIGERIA,Basketball,No event listed
Hardy William,UNITED STATES OF AMERICA,Basketball,No event listed
Harvey Laura,UNITED STATES OF AMERICA,Football,No event listed
Hem Thon Ponloeu,CAMBODIA,Artistic Swimming,No event listed
Hernandez Fraile Jose Ignacio,SPAIN,Basketball,No event listed
Hirose Norikazu,JAPAN,Football,No event listed
Holanek Zoltan,HUNGARY,Handball,No event listed
Hughes Daniel,UNITED STATES OF AMERICA,Basketball,No event listed
Imura Masayo,JAPAN,Artistic Swimming,No event listed
Jennings Dee,AUSTRALIA,Hockey,No event listed
Jerome Essapa,CÔTE D'IVOIRE,Football,No event listed
Jimenez Nieto Cecilia,SPAIN,Artistic Swimming,No event listed
Johnson Vickie,UNITED STATES OF AMERICA,Basketball,No event listed
Kaiser Pierre,BELGIUM,Basketball,No event listed
Kanungo Bergin,ZAMBIA,Football,No event listed
Kawase Asaki,JAPAN,Football,No event listed
Kazama Takafumi,JAPAN,Football,No event listed
Kim Chanbin,REPUBLIC OF KOREA,Football,No event listed
Kitabayashi Kenji,JAPAN,Handball,No event listed
Klarenbeek Auke,NETHERLANDS,Handball,No event listed
Koffi Anthony,CÔTE D'IVOIRE,Football,No event listed
Konstantinov Aleksei,ROC,Volleyball,No event listed
Kontic Svetlana,SERBIA,Artistic Swimming,No event listed
Lazaro Corral Jesus,SPAIN,Basketball,No event listed
Lopes Barbosa Leonard,KENYA,Volleyball,No event listed
Lopez Guillen Melvyn,DOMINICAN REPUBLIC,Basketball,No event listed
Lopez Monica Susana,ARGENTINA,Artistic Swimming,No event listed
Loucks Luke,NIGERIA,Basketball,No event listed
Macek Anze,SLOVENIA,Basketball,No event listed
Maeda Kenzo,JAPAN,Basketball,No event listed
Mahlangu Sibusiso,SOUTH AFRICA,Football,No event listed
Manzanillo Andres,VENEZUELA,Volleyball,No event listed
Marinelli Fernando,CHILE,Football,No event listed
Masha Mario,SOUTH AFRICA,Football,No event listed
Matsuno Yoshiyuki,JAPAN,Basketball,No event listed
Matsuodani Yasushi,JAPAN,Football,No event listed
Maybury Elena,UNITED STATES OF AMERICA,Football,No event listed
Mccrorie Christy,SOUTH AFRICA,Hockey,No event listed
Medina Bobby,NIGERIA,Basketball,No event listed
Mengual Civil Gemma,SPAIN,Artistic Swimming,No event listed
Mercedes Del Rosario Jose,DOMINICAN REPUBLIC,Basketball,No event listed
Meziane Rachid,FRANCE,Basketball,No event listed
Mirejovsky Michal,CZECH REPUBLIC,Basketball,No event listed
Miret Garcia Daniel,SPAIN,Basketball,No event listed
Miyakawa Miya,JAPAN,Artistic Swimming,No event listed
Mohamed Mai,EGYPT,Artistic Swimming,No event listed
Mohamed Sayeda,SAUDI ARABIA,Football,No event listed
Mohammed Silifat,NIGERIA,Basketball,No event listed
Mulati Adilijiang,PEOPLE'S REPUBLIC OF CHINA,Basketball,No event listed
Nagae Shoji,JAPAN,Volleyball,No event listed
Ncube Mthandazo,SOUTH AFRICA,Football,No event listed
Neves Christophe,CÔTE D'IVOIRE,Football,No event listed
Nishida Takumi,JAPAN,Rugby Sevens,No event listed
Odaudu Ogoh,NIGERIA,Basketball,No event listed
Pagan Cristobal Angel,PUERTO RICO,Basketball,No event listed
Pantoja Hernan,VENEZUELA,Volleyball,No event listed
Pecci Isabella,SAN MARINO,Artistic Swimming,No event listed
Perez Jose,VENEZUELA,Basketball,No event listed
Pibiri Rossella,ITALY,Artistic Swimming,No event listed
Piskareva Ekaterina,ROC,Artistic Swimming,No event listed
Prado Branas Joaquin,SPAIN,Basketball,No event listed
Rillie John,AUSTRALIA,Basketball,No event listed
Rodriguez Eduardo Rafael,ARGENTINA,Volleyball,No event listed
Salam Mohamed,EGYPT,Football,No event listed
Schilling April,NIGERIA,Basketball,No event listed
Shahnazi Shahbaz,AUSTRIA,Artistic Swimming,No event listed
Siam Zaghloul,EGYPT,Football,No event listed
Staniforth Dave,AUSTRALIA,Hockey,No event listed
Stas Jacques,BELGIUM,Basketball,No event listed
Szauder Nora,SLOVAKIA,Artistic Swimming,No event listed
Tagle German,CHILE,Football,No event listed
Takita Risako,JAPAN,Artistic Swimming,No event listed
Tomomatsu Yumiko,ITALY,Artistic Swimming,No event listed
Udoka Ime,UNITED STATES OF AMERICA,Basketball,No event listed
Utkin Volodymyr,UKRAINE,Artistic Swimming,No event listed
Van Gundy Jeff,UNITED STATES OF AMERICA,Basketball,No event listed
Vasquez Diego,VENEZUELA,Basketball,No event listed
Vega Herrero Anna,SPAIN,Artistic Swimming,No event listed
Villegas Orlando,VENEZUELA,Volleyball,No event listed
Vitorino De Souza Marcelo,KENYA,Volleyball,No event listed
Wall Michael,UNITED STATES OF AMERICA,Volleyball,No event listed
Wirth Oscar,CHILE,Football,No event listed
Woelflin Roberto Osvaldo,ARGENTINA,Volleyball,No event listed
Woicki Pawel,POLAND,Volleyball,No event listed
Wright Jerold,UNITED STATES OF AMERICA,Basketball,No event listed
Yuan Lingxi,PEOPLE'S REPUBLIC OF CHINA,Volleyball,No event listed
Yurkin Sergey,ROC,Volleyball,No event listed
Zamora Pedreira Javier,SPAIN,Basketball,No event listed
Zhang Xiaohuan,PEOPLE'S REPUBLIC OF CHINA,Artistic Swimming,No event listed
Zijp Simon,NETHERLANDS,Hockey,No event listed
